seed,mean_rmse,oof_rmse
2025,1.2167741910883922,1.216794913088082
2024,1.2170310447418846,1.2170636817910756
777,1.2173157617655153,1.2173549823549998
3407,1.2173603547717993,1.2173709011446943
42,1.2175232098703783,1.217572346653393
